language,iteration,e2e_latency_ms,stt_latency_ms,retrieval_latency_ms,llm_latency_ms,tts_latency_ms,grounded,citations_count
en,1,183.01,0.05,0.0,0.0,0.62,False,0
en,2,189.24,0.06,0.0,0.0,2.39,False,0
en,3,180.0,0.08,0.0,0.0,0.65,False,0
en,4,180.81,0.06,0.0,0.0,0.71,False,0
en,5,266.17,0.06,0.0,0.0,0.94,False,0
en,6,185.48,0.1,0.0,0.0,0.57,False,0
en,7,261.44,0.06,0.0,0.0,0.66,False,0
en,8,270.1,0.05,0.0,0.0,0.51,False,0
en,9,180.61,0.06,0.0,0.0,0.57,False,0
en,10,183.14,0.06,0.0,0.0,0.62,False,0
en,11,344.27,0.15,0.0,0.0,0.49,False,0
en,12,185.18,0.06,0.0,0.0,0.51,False,0
en,13,386.32,0.06,0.0,0.0,0.59,False,0
en,14,2165.61,0.06,0.0,0.0,0.6,False,0
en,15,262.97,0.14,0.0,0.0,0.55,False,0
en,16,245.02,0.05,0.0,0.0,0.59,False,0
en,17,171.25,0.05,0.0,0.0,0.59,False,0
en,18,170.0,0.06,0.0,0.0,0.69,False,0
en,19,322.14,0.05,0.0,0.0,0.65,False,0
en,20,216.52,0.06,0.0,0.0,0.55,False,0
en,21,184.5,0.06,0.0,0.0,0.54,False,0
en,22,171.26,0.07,0.0,0.0,0.58,False,0
en,23,167.79,0.06,0.0,0.0,0.5,False,0
en,24,168.03,0.05,0.0,0.0,0.53,False,0
en,25,168.68,0.05,0.0,0.0,0.56,False,0
en,26,161.76,0.05,0.0,0.0,0.48,False,0
en,27,166.69,0.05,0.0,0.0,0.59,False,0
en,28,180.87,0.05,0.0,0.0,0.54,False,0
en,29,252.22,0.06,0.0,0.0,0.62,False,0
en,30,237.76,0.05,0.0,0.0,0.51,False,0
hi,1,214.3,0.06,0.0,0.0,1.86,True,3
hi,2,181.64,0.05,0.0,0.0,1.65,True,3
hi,3,188.82,0.05,0.0,0.0,1.54,True,3
hi,4,189.36,0.05,0.0,0.0,1.52,True,3
hi,5,200.47,0.05,0.0,0.0,1.6,True,3
hi,6,198.92,0.05,0.0,0.0,1.66,True,3
hi,7,189.89,0.06,0.0,0.0,1.46,True,3
hi,8,180.42,0.05,0.0,0.0,1.53,True,3
hi,9,208.26,0.05,0.0,0.0,1.53,True,3
hi,10,183.2,0.05,0.0,0.0,1.53,True,3
hi,11,200.21,0.06,0.0,0.0,1.63,True,3
hi,12,196.89,0.05,0.0,0.0,1.65,True,3
hi,13,200.69,0.05,0.0,0.0,1.59,True,3
hi,14,181.14,0.06,0.0,0.0,1.47,True,3
hi,15,185.68,0.06,0.0,0.0,1.47,True,3
hi,16,192.89,0.06,0.0,0.0,1.59,True,3
hi,17,195.01,0.06,0.0,0.0,1.7,True,3
hi,18,185.44,0.05,0.0,0.0,1.51,True,3
hi,19,195.05,0.05,0.0,0.0,1.7,True,3
hi,20,192.48,0.06,0.0,0.0,1.73,True,3
hi,21,181.46,0.05,0.0,0.0,1.53,True,3
hi,22,204.72,0.05,0.0,0.0,1.49,True,3
hi,23,193.16,0.05,0.0,0.0,1.55,True,3
hi,24,232.87,0.05,0.0,0.0,1.66,True,3
hi,25,245.75,0.06,0.0,0.0,1.75,True,3
hi,26,198.27,0.06,0.0,0.0,1.84,True,3
hi,27,256.45,0.05,0.0,0.0,1.83,True,2
hi,28,204.22,0.05,0.0,0.0,1.51,True,3
hi,29,209.97,0.06,0.0,0.0,1.77,True,3
hi,30,189.45,0.05,0.0,0.0,1.56,True,3
ta,1,181.93,0.06,0.0,0.0,0.54,False,0
ta,2,169.91,0.05,0.0,0.0,0.48,False,0
ta,3,166.99,0.06,0.0,0.0,0.57,False,0
ta,4,175.9,0.06,0.0,0.0,0.8,False,0
ta,5,173.13,0.05,0.0,0.0,0.58,False,0
ta,6,169.16,0.05,0.0,0.0,0.54,False,0
ta,7,164.95,0.06,0.0,0.0,0.49,False,0
ta,8,162.07,0.06,0.0,0.0,0.5,False,0
ta,9,171.63,0.06,0.0,0.0,0.51,False,0
ta,10,168.04,0.04,0.0,0.0,0.59,False,0
ta,11,177.98,0.05,0.0,0.0,0.47,False,0
ta,12,175.35,0.05,0.0,0.0,0.55,False,0
ta,13,172.43,0.05,0.0,0.0,0.47,False,0
ta,14,168.7,0.05,0.0,0.0,0.58,False,0
ta,15,168.63,0.05,0.0,0.0,0.55,False,0
ta,16,171.04,0.05,0.0,0.0,0.49,False,0
ta,17,164.18,0.05,0.0,0.0,0.49,False,0
ta,18,169.65,0.05,0.0,0.0,0.58,False,0
ta,19,168.41,0.05,0.0,0.0,0.53,False,0
ta,20,163.07,0.05,0.0,0.0,0.71,False,0
ta,21,174.88,0.06,0.0,0.0,0.52,False,0
ta,22,161.97,0.05,0.0,0.0,0.52,False,0
ta,23,169.4,0.06,0.0,0.0,0.56,False,0
ta,24,172.93,0.05,0.0,0.0,0.55,False,0
ta,25,408.16,0.05,0.0,0.0,0.48,False,0
ta,26,1858.62,0.05,0.0,0.0,0.67,False,0
ta,27,177.43,0.05,0.0,0.0,0.55,False,0
ta,28,175.2,0.05,0.0,0.0,0.5,False,0
ta,29,208.37,0.05,0.0,0.0,0.58,False,0
ta,30,187.02,0.06,0.0,0.0,0.52,False,0
te,1,191.1,0.08,0.0,0.0,0.58,False,0
te,2,188.94,0.05,0.0,0.0,0.64,False,0
te,3,195.76,0.05,0.0,0.0,0.7,False,0
te,4,171.17,0.05,0.0,0.0,0.61,False,0
te,5,192.5,0.05,0.0,0.0,0.61,False,0
te,6,178.21,0.05,0.0,0.0,0.57,False,0
te,7,180.73,0.05,0.0,0.0,0.8,False,0
te,8,177.2,0.06,0.0,0.0,0.66,False,0
te,9,181.13,0.05,0.0,0.0,0.63,False,0
te,10,318.04,0.05,0.0,0.0,0.84,False,0
te,11,232.17,0.05,0.0,0.0,0.57,False,0
te,12,200.17,0.06,0.0,0.0,0.67,False,0
te,13,234.93,0.05,0.0,0.0,0.7,False,0
te,14,253.29,0.05,0.0,0.0,0.67,False,0
te,15,180.78,0.07,0.0,0.0,0.61,False,0
te,16,353.04,0.05,0.0,0.0,0.68,False,0
te,17,1761.87,0.06,0.0,0.0,0.83,False,0
te,18,255.55,0.05,0.0,0.0,0.61,False,0
te,19,166.93,0.05,0.0,0.0,0.59,False,0
te,20,164.08,0.06,0.0,0.0,0.53,False,0
te,21,169.31,0.05,0.0,0.0,0.61,False,0
te,22,167.61,0.07,0.0,0.0,0.53,False,0
te,23,172.9,0.05,0.0,0.0,0.65,False,0
te,24,195.13,0.05,0.0,0.0,0.69,False,0
te,25,161.49,0.05,0.0,0.0,0.56,False,0
te,26,177.72,0.07,0.0,0.0,0.54,False,0
te,27,173.6,0.05,0.0,0.0,0.69,False,0
te,28,169.66,0.06,0.0,0.0,0.57,False,0
te,29,189.22,0.05,0.0,0.0,0.72,False,0
te,30,197.62,0.07,0.0,0.0,0.57,False,0
ml,1,162.45,0.05,0.0,0.0,0.55,False,0
ml,2,200.93,0.09,0.0,0.0,0.6,False,0
ml,3,230.49,0.1,0.0,0.0,0.66,False,0
ml,4,234.69,0.05,0.0,0.0,0.53,False,0
ml,5,180.88,0.05,0.0,0.0,0.64,False,0
ml,6,163.52,0.05,0.0,0.0,0.63,False,0
ml,7,168.27,0.05,0.0,0.0,0.59,False,0
ml,8,182.47,0.05,0.0,0.0,0.68,False,0
ml,9,199.22,0.05,0.0,0.0,0.61,False,0
ml,10,172.33,0.05,0.0,0.0,0.53,False,0
ml,11,171.74,0.05,0.0,0.0,0.66,False,0
ml,12,170.43,0.05,0.0,0.0,0.52,False,0
ml,13,184.49,0.08,0.0,0.0,0.58,False,0
ml,14,166.58,0.06,0.0,0.0,0.62,False,0
ml,15,159.37,0.05,0.0,0.0,0.6,False,0
ml,16,177.19,0.05,0.0,0.0,0.65,False,0
ml,17,172.48,0.05,0.0,0.0,0.57,False,0
ml,18,172.13,0.06,0.0,0.0,0.53,False,0
ml,19,174.96,0.05,0.0,0.0,0.55,False,0
ml,20,182.5,0.05,0.0,0.0,0.7,False,0
ml,21,170.94,0.05,0.0,0.0,0.59,False,0
ml,22,169.98,0.07,0.0,0.0,0.54,False,0
ml,23,166.22,0.06,0.0,0.0,0.58,False,0
ml,24,187.48,0.05,0.0,0.0,0.54,False,0
ml,25,169.61,0.05,0.0,0.0,0.61,False,0
ml,26,208.17,0.05,0.0,0.0,0.59,False,0
ml,27,166.19,0.05,0.0,0.0,0.59,False,0
ml,28,181.16,0.05,0.0,0.0,0.7,False,0
ml,29,169.77,0.05,0.0,0.0,0.6,False,0
ml,30,174.09,0.07,0.0,0.0,0.52,False,0
